name,age
Nial,42
Isaac,43
Hermie,56
Tallou,14
Munmro,43
Beth,26
Odilia,18
Tedra,23
Deeann,57
Tabbitha,44
Rosanne,42
Tommie,56
Pru,32
Joby,56
Theodora,40
Ryun,31
Sofia,31
Pauli,42
Eli,21
Nevil,23
Erwin,11
Sigvard,42
Viviene,14
Langston,49
Mellisent,42
Maressa,49
Carmelina,21
Winslow,54
Reece,40
Zed,33
Alwyn,50
Ferris,28
Tamar,40
Mara,27
Forest,24
Lucais,29
Kalle,48
Vivienne,43
Tiertza,31
Abel,30
Bord,55
Rebekkah,19
Clyve,32
Quentin,58
Betsy,30
Nicolle,10
Honor,15
Gwynne,55
Modestia,54
Kendrick,32
Evan,45
Moira,13
Annissa,20
Thekla,48
Jammie,57
Nickolai,43
Rafferty,28
Conny,24
Vyky,53
Marmaduke,21
Adelice,32
Mirella,56
Ingemar,35
Florrie,9
Marigold,37
Nonna,55
Udall,56
Mandy,50
Fae,46
Anselma,44
Brett,46
Ray,12
Pammy,17
Edmon,45
Chloette,50
Berta,25
Viviana,23
Gisella,38
Lorita,20
Arri,56
Bernie,10
Celeste,8
Tabatha,33
Daveen,56
Elwyn,27
Gretal,50
Sosanna,46
Madelin,48
Bartholomeus,18
Nico,25
Layne,44
Zebedee,38
Mariel,50
Dallas,60
Kellyann,40
Paul,56
Liv,48
Cary,15
Annie,38
Hayward,12
Consalve,45
Tadio,52
Hildegaard,59
Charo,14
Tana,24
Ardys,48
Jeremy,14
Kimberley,26
Leisha,32
Amalee,59
Raphael,24
Bonnie,26
Andreas,55
Jarvis,22
Mac,14
Karia,26
Mattie,18
Consuela,12
Edik,43
Karrah,32
Winnie,12
Loise,42
Dalston,54
Lonni,52
Dara,49
Krishna,48
Christy,56
Corey,25
Molly,30
Emlynne,12
Bianka,50
Emma,36
Ray,45
Jada,49
Rafaelita,28
Leann,55
Lacie,50
Hewie,22
Annetta,35
Benedetta,56
Mickie,9
Brew,54
Trula,25
Kristal,51
Averill,56
Abby,43
Andres,44
Griffith,31
Jyoti,27
Kassi,30
Tani,19
Marlene,48
Rollie,27
Lynette,37
Randene,17
Yetty,49
Meredith,26
Blinnie,26
Dolorita,30
Abigail,58
Torr,35
Teddie,17
Ludvig,41
Ephraim,19
Ossie,56
Augustina,36
Bethany,11
Gabie,40
Janel,34
Bridie,28
Jameson,38
Neille,17
Omero,39
Bernelle,30
Oriana,42
April,9
Guendolen,10
Jaymee,59
Elora,10
Agna,30
Moina,55
Marlo,54
Rosemary,46
Kipper,58
Tremaine,9
Bear,31
Lambert,31
Joane,57
Patten,12
Sibley,43
Westbrooke,15
Mario,43
Georgine,57
Karney,57
Ingamar,27
Walt,13
Maureene,45
Kira,9
Dara,34
Catlaina,59
Rochella,53
Bella,37
Corilla,47
Stella,40
Chelsy,11
Kiele,24
Grove,40
Viviene,29
Dede,38
Carlo,45
Talyah,15
Kienan,57
Natividad,17
Hussein,52
Haywood,16
Roddy,42
Taddeusz,23
Gamaliel,28
Florie,60
Wiley,24
Hillard,11
Hailee,8
Collette,28
Mattheus,19
Ursula,26
Jarib,49
Nara,53
Erinn,48
Merridie,24
Pablo,11
Lorenzo,57
Alexa,37
Lucky,56
Ginger,43
Anatole,45
Stephi,59
Melody,12
Linnet,57
Maison,32
Sherwood,16
Adriana,32
Clemente,59
Gunther,11
Gerrilee,40
Heath,17
Anjanette,51
Giles,27
Callie,34
Dante,54
York,45
Jaynell,55
Yalonda,33
Margarete,40
Pavla,22
Percy,22
Alexa,55
Pyotr,11
Durward,16
Colin,47
Alfie,40
Bekki,25
Antonino,49
Anitra,18
Pinchas,14
Tessa,12
Sara,56
Kari,55
Bernadina,22
Dennison,9
Vlad,32
Aliza,32
Rocky,25
Corine,9
Waverly,26
Daren,16
Walt,24
June,33
Sayer,46
Todd,28
Cissy,31
Lotti,9
Kalindi,16
Dulcinea,33
Austina,50
Charissa,58
Teddy,37
Nevil,54
Beverlie,54
Bryana,55
Brook,48
Kellen,35
Lucio,31
Fidelity,33
Sigmund,27
Kara,17
Van,43
Hadria,8
Mateo,39
Vanni,18
Mehetabel,42
Dasha,49
Bengt,15
Brande,47
Lorrayne,18
Barnie,16
Fiorenze,56
Corbin,40
Janel,13
Ronald,28
Ambur,14
Galvan,49
Burty,18
Mandie,53
Greg,8
Siouxie,12
Hailee,57
Jinny,30
Paxon,14
Duky,25
Amelita,9
Shauna,23
Joane,32
Guthrey,10
Dore,35
Stanwood,42
Lombard,23
Nancey,50
Lenci,58
Adrian,59
Kym,44
Booth,40
Holly,17
Kessiah,28
Allison,11
Wyatt,57
Ezekiel,37
Shirline,8
Hallsy,55
Elvera,13
Eudora,55
Frederich,11
Xever,36
Aryn,28
Thia,27
Rona,33
Clarisse,36
Jorry,22
Ros,60
Berni,59
Karine,32
Ashlee,26
Peggie,48
Shelton,44
Niki,38
Blisse,55
Claudette,19
Mohandas,30
Laureen,39
Pietra,47
Maureen,17
Ian,33
Halley,48
Mason,19
Eldon,44
Lilyan,14
Inna,48
Wynn,32
Matty,44
Ramsey,12
Audrye,47
Bette,34
Gillan,8
Joelie,38
Tammie,42
Jillie,11
Engracia,45
Germana,38
Jilleen,59
Menard,16
Lira,46
Raven,41
Aliza,45
Dorie,30
Bernardina,33
Ferne,25
Wakefield,22
Sigfried,13
Farand,11
Lianna,19
Thelma,20
Carry,36
Karin,52
Ivette,22
Sianna,8
Tiffany,49
Rheta,33
Rodolfo,46
Stern,53
Izzy,28
Lew,10
Jacquie,30
Patience,59
Sarajane,34
Josiah,47
Corie,34
Loutitia,37
Evangeline,48
Heinrik,39
Harley,8
Devin,41
Egor,14
Charlean,35
Ozzie,33
Filberto,18
Stephenie,42
Horacio,15
Dietrich,14
Livvie,58
Darelle,30
Danielle,15
Annamarie,26
Pail,55
Gilbertine,18
Isidoro,33
Rozele,52
Mitchel,44
Elias,39
Delaney,51
Arlie,50
Svend,47
Lowe,18
Luise,43
Byram,39
Renie,46
Emili,37
Anne-marie,22
Ase,52
Julianne,14
Gris,14
Bessie,39
Mavis,40
Essy,28
Suzanne,16
Wilhelm,21
Darrell,19
Jared,42
Lexy,25
Doralin,42
Emilie,22
Sonja,51
Minny,22
Shandee,51
Remy,43
Lauraine,28
Rand,43
Callean,42
Yetta,43
Ethel,23
Darelle,42
Mareah,49
Welsh,48
Abe,21
Dallis,58
Beale,9
Val,40
Celestine,32
Hesther,48
Kellia,8
Haily,55
Mellicent,15
Tiffi,49
Duff,29
Olin,47
Ash,58
Zechariah,38
Waring,42
Tulley,9
Morena,33
Hewie,31
Emmott,40
Alyosha,38
Ronda,58
Aurelie,48
Barbara,12
Darlene,46
Alyda,21
Nil,54
Jerrine,9
Ezri,11
Vernen,54
Annice,17
Link,12
Cosetta,60
Siusan,56
Torrance,57
Valerie,45
Vittorio,46
Hendrik,59
Homerus,47
Moyra,38